Id,SalePrice
tensor([1461], device='cuda:0'),56296.34375
tensor([1462], device='cuda:0'),83532.5625
tensor([1463], device='cuda:0'),93969.1171875
tensor([1464], device='cuda:0'),119536.03125
tensor([1465], device='cuda:0'),104596.6171875
tensor([1466], device='cuda:0'),93181.5859375
tensor([1467], device='cuda:0'),102977.515625
tensor([1468], device='cuda:0'),87021.8125
tensor([1469], device='cuda:0'),116869.234375
tensor([1470], device='cuda:0'),58497.99609375
tensor([1471], device='cuda:0'),93763.3984375
tensor([1472], device='cuda:0'),18.15914535522461
tensor([1473], device='cuda:0'),18.15914535522461
tensor([1474], device='cuda:0'),71829.9375
tensor([1475], device='cuda:0'),40465.3984375
tensor([1476], device='cuda:0'),203048.609375
tensor([1477], device='cuda:0'),134784.1875
tensor([1478], device='cuda:0'),166669.640625
tensor([1479], device='cuda:0'),183457.015625
tensor([1480], device='cuda:0'),271801.21875
tensor([1481], device='cuda:0'),186553.1875
tensor([1482], device='cuda:0'),111210.125
tensor([1483], device='cuda:0'),94486.546875
tensor([1484], device='cuda:0'),94672.4453125
tensor([1485], device='cuda:0'),97400.2421875
tensor([1486], device='cuda:0'),106544.6015625
tensor([1487], device='cuda:0'),233215.09375
tensor([1488], device='cuda:0'),110775.734375
tensor([1489], device='cuda:0'),98240.015625
tensor([1490], device='cuda:0'),143737.6875
tensor([1491], device='cuda:0'),112213.0078125
tensor([1492], device='cuda:0'),5945.822265625
tensor([1493], device='cuda:0'),111439.1484375
tensor([1494], device='cuda:0'),175028.28125
tensor([1495], device='cuda:0'),173836.59375
tensor([1496], device='cuda:0'),141333.65625
tensor([1497], device='cuda:0'),85944.09375
tensor([1498], device='cuda:0'),101156.984375
tensor([1499], device='cuda:0'),96946.6171875
tensor([1500], device='cuda:0'),83405.015625
tensor([1501], device='cuda:0'),98187.875
tensor([1502], device='cuda:0'),85397.6015625
tensor([1503], device='cuda:0'),157188.578125
tensor([1504], device='cuda:0'),140039.015625
tensor([1505], device='cuda:0'),135727.40625
tensor([1506], device='cuda:0'),94819.6875
tensor([1507], device='cuda:0'),145269.5
tensor([1508], device='cuda:0'),102096.0
tensor([1509], device='cuda:0'),77689.34375
tensor([1510], device='cuda:0'),82167.625
tensor([1511], device='cuda:0'),88774.7421875
tensor([1512], device='cuda:0'),69628.359375
tensor([1513], device='cuda:0'),53840.0078125
tensor([1514], device='cuda:0'),18275.70703125
tensor([1515], device='cuda:0'),105696.375
tensor([1516], device='cuda:0'),75398.984375
tensor([1517], device='cuda:0'),95689.53125
tensor([1518], device='cuda:0'),68230.078125
tensor([1519], device='cuda:0'),138559.421875
tensor([1520], device='cuda:0'),62507.625
tensor([1521], device='cuda:0'),69092.0703125
tensor([1522], device='cuda:0'),85191.8515625
tensor([1523], device='cuda:0'),52178.16015625
tensor([1524], device='cuda:0'),44952.89453125
tensor([1525], device='cuda:0'),44934.55078125
tensor([1526], device='cuda:0'),21455.765625
tensor([1527], device='cuda:0'),10577.2412109375
tensor([1528], device='cuda:0'),55735.23828125
tensor([1529], device='cuda:0'),75368.4375
tensor([1530], device='cuda:0'),99773.3359375
tensor([1531], device='cuda:0'),64515.55078125
tensor([1532], device='cuda:0'),18.15914535522461
tensor([1533], device='cuda:0'),40636.56640625
tensor([1534], device='cuda:0'),18.15914535522461
tensor([1535], device='cuda:0'),70269.421875
tensor([1536], device='cuda:0'),18.15914535522461
tensor([1537], device='cuda:0'),18.15914535522461
tensor([1538], device='cuda:0'),78028.546875
tensor([1539], device='cuda:0'),111709.7734375
tensor([1540], device='cuda:0'),18.15914535522461
tensor([1541], device='cuda:0'),39058.265625
tensor([1542], device='cuda:0'),28887.662109375
tensor([1543], device='cuda:0'),61678.109375
tensor([1544], device='cuda:0'),18.15914535522461
tensor([1545], device='cuda:0'),18.15914535522461
tensor([1546], device='cuda:0'),56541.984375
tensor([1547], device='cuda:0'),46282.78125
tensor([1548], device='cuda:0'),58267.9921875
tensor([1549], device='cuda:0'),24279.640625
tensor([1550], device='cuda:0'),58329.87890625
tensor([1551], device='cuda:0'),4724.2763671875
tensor([1552], device='cuda:0'),81313.28125
tensor([1553], device='cuda:0'),58370.9609375
tensor([1554], device='cuda:0'),1575.89111328125
tensor([1555], device='cuda:0'),83073.359375
tensor([1556], device='cuda:0'),18.15914535522461
tensor([1557], device='cuda:0'),18.15914535522461
tensor([1558], device='cuda:0'),18.15914535522461
tensor([1559], device='cuda:0'),18.15914535522461
tensor([1560], device='cuda:0'),19628.02734375
tensor([1561], device='cuda:0'),18.15914535522461
tensor([1562], device='cuda:0'),70165.2421875
tensor([1563], device='cuda:0'),54345.734375
tensor([1564], device='cuda:0'),66059.0546875
tensor([1565], device='cuda:0'),78523.90625
tensor([1566], device='cuda:0'),118667.296875
tensor([1567], device='cuda:0'),18.15914535522461
tensor([1568], device='cuda:0'),129855.2734375
tensor([1569], device='cuda:0'),51491.0859375
tensor([1570], device='cuda:0'),70649.4140625
tensor([1571], device='cuda:0'),404.7630615234375
tensor([1572], device='cuda:0'),62045.4140625
tensor([1573], device='cuda:0'),111641.046875
tensor([1574], device='cuda:0'),50744.75390625
tensor([1575], device='cuda:0'),137192.9375
tensor([1576], device='cuda:0'),161291.375
tensor([1577], device='cuda:0'),106035.484375
tensor([1578], device='cuda:0'),67032.8125
tensor([1579], device='cuda:0'),43642.1171875
tensor([1580], device='cuda:0'),109072.296875
tensor([1581], device='cuda:0'),81119.40625
tensor([1582], device='cuda:0'),64154.67578125
tensor([1583], device='cuda:0'),168330.875
tensor([1584], device='cuda:0'),138028.3125
tensor([1585], device='cuda:0'),74201.0
tensor([1586], device='cuda:0'),18.15914535522461
tensor([1587], device='cuda:0'),18.15914535522461
tensor([1588], device='cuda:0'),74684.15625
tensor([1589], device='cuda:0'),18.15914535522461
tensor([1590], device='cuda:0'),60407.7109375
tensor([1591], device='cuda:0'),18.15914535522461
tensor([1592], device='cuda:0'),22485.4375
tensor([1593], device='cuda:0'),59653.0703125
tensor([1594], device='cuda:0'),18.15914535522461
tensor([1595], device='cuda:0'),18.15914535522461
tensor([1596], device='cuda:0'),128210.390625
tensor([1597], device='cuda:0'),126612.71875
tensor([1598], device='cuda:0'),114962.0390625
tensor([1599], device='cuda:0'),70028.8984375
tensor([1600], device='cuda:0'),57168.30859375
tensor([1601], device='cuda:0'),18.15914535522461
tensor([1602], device='cuda:0'),47392.0390625
tensor([1603], device='cuda:0'),18.15914535522461
tensor([1604], device='cuda:0'),159209.859375
tensor([1605], device='cuda:0'),139195.671875
tensor([1606], device='cuda:0'),95591.3984375
tensor([1607], device='cuda:0'),99433.765625
tensor([1608], device='cuda:0'),122595.15625
tensor([1609], device='cuda:0'),88677.09375
tensor([1610], device='cuda:0'),72624.671875
tensor([1611], device='cuda:0'),53788.60546875
tensor([1612], device='cuda:0'),97109.3203125
tensor([1613], device='cuda:0'),83126.3984375
tensor([1614], device='cuda:0'),18.15914535522461
tensor([1615], device='cuda:0'),18.15914535522461
tensor([1616], device='cuda:0'),18.15914535522461
tensor([1617], device='cuda:0'),18.15914535522461
tensor([1618], device='cuda:0'),41523.06640625
tensor([1619], device='cuda:0'),61072.0
tensor([1620], device='cuda:0'),88311.078125
tensor([1621], device='cuda:0'),54900.69921875
tensor([1622], device='cuda:0'),68906.4453125
tensor([1623], device='cuda:0'),134856.5625
tensor([1624], device='cuda:0'),105800.1640625
tensor([1625], device='cuda:0'),42357.91796875
tensor([1626], device='cuda:0'),93623.4140625
tensor([1627], device='cuda:0'),103446.7265625
tensor([1628], device='cuda:0'),179216.375
tensor([1629], device='cuda:0'),94956.03125
tensor([1630], device='cuda:0'),217459.5
tensor([1631], device='cuda:0'),148903.84375
tensor([1632], device='cuda:0'),143412.046875
tensor([1633], device='cuda:0'),92594.3359375
tensor([1634], device='cuda:0'),103571.2890625
tensor([1635], device='cuda:0'),100180.5625
tensor([1636], device='cuda:0'),77016.4609375
tensor([1637], device='cuda:0'),103546.359375
tensor([1638], device='cuda:0'),108719.3203125
tensor([1639], device='cuda:0'),92594.0546875
tensor([1640], device='cuda:0'),139627.140625
tensor([1641], device='cuda:0'),88241.84375
tensor([1642], device='cuda:0'),164740.765625
tensor([1643], device='cuda:0'),134249.578125
tensor([1644], device='cuda:0'),150315.09375
tensor([1645], device='cuda:0'),127249.5
tensor([1646], device='cuda:0'),86330.921875
tensor([1647], device='cuda:0'),83913.5859375
tensor([1648], device='cuda:0'),50293.359375
tensor([1649], device='cuda:0'),68577.7734375
tensor([1650], device='cuda:0'),40092.59765625
tensor([1651], device='cuda:0'),53474.66796875
tensor([1652], device='cuda:0'),18.15914535522461
tensor([1653], device='cuda:0'),18.15914535522461
tensor([1654], device='cuda:0'),78173.1484375
tensor([1655], device='cuda:0'),68681.4375
tensor([1656], device='cuda:0'),66321.5234375
tensor([1657], device='cuda:0'),84972.359375
tensor([1658], device='cuda:0'),80425.984375
tensor([1659], device='cuda:0'),61413.26171875
tensor([1660], device='cuda:0'),83553.1328125
tensor([1661], device='cuda:0'),209257.8125
tensor([1662], device='cuda:0'),228629.046875
tensor([1663], device='cuda:0'),230046.34375
tensor([1664], device='cuda:0'),246553.203125
tensor([1665], device='cuda:0'),190365.265625
tensor([1666], device='cuda:0'),177533.859375
tensor([1667], device='cuda:0'),217855.359375
tensor([1668], device='cuda:0'),215702.296875
tensor([1669], device='cuda:0'),182232.34375
tensor([1670], device='cuda:0'),204575.359375
tensor([1671], device='cuda:0'),149997.671875
tensor([1672], device='cuda:0'),213151.046875
tensor([1673], device='cuda:0'),187937.078125
tensor([1674], device='cuda:0'),144781.3125
tensor([1675], device='cuda:0'),102767.0703125
tensor([1676], device='cuda:0'),105861.4453125
tensor([1677], device='cuda:0'),135723.84375
tensor([1678], device='cuda:0'),275488.03125
tensor([1679], device='cuda:0'),224631.0625
tensor([1680], device='cuda:0'),232201.0625
tensor([1681], device='cuda:0'),147924.921875
tensor([1682], device='cuda:0'),190151.578125
tensor([1683], device='cuda:0'),99918.984375
tensor([1684], device='cuda:0'),98544.7109375
tensor([1685], device='cuda:0'),85690.1796875
tensor([1686], device='cuda:0'),87143.5078125
tensor([1687], device='cuda:0'),76402.484375
tensor([1688], device='cuda:0'),110628.2265625
tensor([1689], device='cuda:0'),102660.609375
tensor([1690], device='cuda:0'),113205.671875
tensor([1691], device='cuda:0'),108664.6328125
tensor([1692], device='cuda:0'),166408.4375
tensor([1693], device='cuda:0'),94609.703125
tensor([1694], device='cuda:0'),94289.2734375
tensor([1695], device='cuda:0'),86875.5234375
tensor([1696], device='cuda:0'),180305.0
tensor([1697], device='cuda:0'),90661.4453125
tensor([1698], device='cuda:0'),227430.0
tensor([1699], device='cuda:0'),198182.6875
tensor([1700], device='cuda:0'),180435.125
tensor([1701], device='cuda:0'),159126.5625
tensor([1702], device='cuda:0'),130396.1875
tensor([1703], device='cuda:0'),124134.859375
tensor([1704], device='cuda:0'),148171.828125
tensor([1705], device='cuda:0'),143455.0625
tensor([1706], device='cuda:0'),164197.015625
tensor([1707], device='cuda:0'),145485.28125
tensor([1708], device='cuda:0'),130957.5546875
tensor([1709], device='cuda:0'),168029.859375
tensor([1710], device='cuda:0'),142995.03125
tensor([1711], device='cuda:0'),180624.953125
tensor([1712], device='cuda:0'),122854.3984375
tensor([1713], device='cuda:0'),166006.96875
tensor([1714], device='cuda:0'),136828.125
tensor([1715], device='cuda:0'),133841.1875
tensor([1716], device='cuda:0'),95670.640625
tensor([1717], device='cuda:0'),109394.703125
tensor([1718], device='cuda:0'),65399.921875
tensor([1719], device='cuda:0'),150571.0
tensor([1720], device='cuda:0'),138742.203125
tensor([1721], device='cuda:0'),91191.0234375
tensor([1722], device='cuda:0'),54972.51953125
tensor([1723], device='cuda:0'),82977.6328125
tensor([1724], device='cuda:0'),115158.0859375
tensor([1725], device='cuda:0'),150296.34375
tensor([1726], device='cuda:0'),115000.6953125
tensor([1727], device='cuda:0'),83935.484375
tensor([1728], device='cuda:0'),88133.5703125
tensor([1729], device='cuda:0'),106987.7578125
tensor([1730], device='cuda:0'),80912.0234375
tensor([1731], device='cuda:0'),45453.03125
tensor([1732], device='cuda:0'),47245.88671875
tensor([1733], device='cuda:0'),35288.81640625
tensor([1734], device='cuda:0'),17537.673828125
tensor([1735], device='cuda:0'),55436.34375
tensor([1736], device='cuda:0'),48998.4296875
tensor([1737], device='cuda:0'),185105.765625
tensor([1738], device='cuda:0'),157752.0625
tensor([1739], device='cuda:0'),154279.75
tensor([1740], device='cuda:0'),129435.984375
tensor([1741], device='cuda:0'),111880.9921875
tensor([1742], device='cuda:0'),93252.65625
tensor([1743], device='cuda:0'),97927.8671875
tensor([1744], device='cuda:0'),213747.21875
tensor([1745], device='cuda:0'),107824.5390625
tensor([1746], device='cuda:0'),98955.65625
tensor([1747], device='cuda:0'),121499.421875
tensor([1748], device='cuda:0'),114357.734375
tensor([1749], device='cuda:0'),82085.953125
tensor([1750], device='cuda:0'),55309.63671875
tensor([1751], device='cuda:0'),132486.8125
tensor([1752], device='cuda:0'),18.15914535522461
tensor([1753], device='cuda:0'),57671.6328125
tensor([1754], device='cuda:0'),99927.078125
tensor([1755], device='cuda:0'),98777.0078125
tensor([1756], device='cuda:0'),47843.87109375
tensor([1757], device='cuda:0'),42492.44140625
tensor([1758], device='cuda:0'),64984.91796875
tensor([1759], device='cuda:0'),76578.0703125
tensor([1760], device='cuda:0'),83487.4140625
tensor([1761], device='cuda:0'),73869.1796875
tensor([1762], device='cuda:0'),85783.328125
tensor([1763], device='cuda:0'),95546.2578125
tensor([1764], device='cuda:0'),41209.98828125
tensor([1765], device='cuda:0'),18.15914535522461
tensor([1766], device='cuda:0'),95477.9453125
tensor([1767], device='cuda:0'),103588.8125
tensor([1768], device='cuda:0'),68226.1875
tensor([1769], device='cuda:0'),79563.65625
tensor([1770], device='cuda:0'),91519.515625
tensor([1771], device='cuda:0'),57665.703125
tensor([1772], device='cuda:0'),53840.4765625
tensor([1773], device='cuda:0'),57603.01171875
tensor([1774], device='cuda:0'),59116.73828125
tensor([1775], device='cuda:0'),68225.671875
tensor([1776], device='cuda:0'),84827.203125
tensor([1777], device='cuda:0'),44455.09375
tensor([1778], device='cuda:0'),71540.5
tensor([1779], device='cuda:0'),53631.12890625
tensor([1780], device='cuda:0'),101328.546875
tensor([1781], device='cuda:0'),46723.1953125
tensor([1782], device='cuda:0'),18.15914535522461
tensor([1783], device='cuda:0'),114560.078125
tensor([1784], device='cuda:0'),35486.8046875
tensor([1785], device='cuda:0'),36270.03515625
tensor([1786], device='cuda:0'),50056.50390625
tensor([1787], device='cuda:0'),89816.515625
tensor([1788], device='cuda:0'),18.15914535522461
tensor([1789], device='cuda:0'),18.15914535522461
tensor([1790], device='cuda:0'),31083.072265625
tensor([1791], device='cuda:0'),100626.671875
tensor([1792], device='cuda:0'),71880.6875
tensor([1793], device='cuda:0'),18.15914535522461
tensor([1794], device='cuda:0'),82850.25
tensor([1795], device='cuda:0'),65681.8125
tensor([1796], device='cuda:0'),52241.53515625
tensor([1797], device='cuda:0'),35352.46484375
tensor([1798], device='cuda:0'),50299.30078125
tensor([1799], device='cuda:0'),54255.578125
tensor([1800], device='cuda:0'),63168.3046875
tensor([1801], device='cuda:0'),49995.87109375
tensor([1802], device='cuda:0'),49935.80859375
tensor([1803], device='cuda:0'),76959.2890625
tensor([1804], device='cuda:0'),67131.2265625
tensor([1805], device='cuda:0'),57039.7578125
tensor([1806], device='cuda:0'),26465.33984375
tensor([1807], device='cuda:0'),18.15914535522461
tensor([1808], device='cuda:0'),29576.869140625
tensor([1809], device='cuda:0'),969.4052734375
tensor([1810], device='cuda:0'),68671.21875
tensor([1811], device='cuda:0'),18.15914535522461
tensor([1812], device='cuda:0'),18.15914535522461
tensor([1813], device='cuda:0'),56669.09765625
tensor([1814], device='cuda:0'),18.15914535522461
tensor([1815], device='cuda:0'),18.15914535522461
tensor([1816], device='cuda:0'),18.15914535522461
tensor([1817], device='cuda:0'),2340.453125
tensor([1818], device='cuda:0'),66671.6796875
tensor([1819], device='cuda:0'),63149.32421875
tensor([1820], device='cuda:0'),18.15914535522461
tensor([1821], device='cuda:0'),18.15914535522461
tensor([1822], device='cuda:0'),74474.125
tensor([1823], device='cuda:0'),18.15914535522461
tensor([1824], device='cuda:0'),36337.921875
tensor([1825], device='cuda:0'),68445.1484375
tensor([1826], device='cuda:0'),18.15914535522461
tensor([1827], device='cuda:0'),18.15914535522461
tensor([1828], device='cuda:0'),18.15914535522461
tensor([1829], device='cuda:0'),17528.818359375
tensor([1830], device='cuda:0'),18.15914535522461
tensor([1831], device='cuda:0'),34461.14453125
tensor([1832], device='cuda:0'),18.15914535522461
tensor([1833], device='cuda:0'),60853.92578125
tensor([1834], device='cuda:0'),54467.77734375
tensor([1835], device='cuda:0'),18.15914535522461
tensor([1836], device='cuda:0'),18.15914535522461
tensor([1837], device='cuda:0'),18.15914535522461
tensor([1838], device='cuda:0'),18.15914535522461
tensor([1839], device='cuda:0'),21272.041015625
tensor([1840], device='cuda:0'),18.15914535522461
tensor([1841], device='cuda:0'),42523.546875
tensor([1842], device='cuda:0'),18.15914535522461
tensor([1843], device='cuda:0'),37156.97265625
tensor([1844], device='cuda:0'),86026.7890625
tensor([1845], device='cuda:0'),80851.828125
tensor([1846], device='cuda:0'),73849.1796875
tensor([1847], device='cuda:0'),85938.5625
tensor([1848], device='cuda:0'),18.15914535522461
tensor([1849], device='cuda:0'),18.15914535522461
tensor([1850], device='cuda:0'),46556.53125
tensor([1851], device='cuda:0'),61604.51171875
tensor([1852], device='cuda:0'),69541.3671875
tensor([1853], device='cuda:0'),36893.875
tensor([1854], device='cuda:0'),83164.125
tensor([1855], device='cuda:0'),82438.390625
tensor([1856], device='cuda:0'),136274.09375
tensor([1857], device='cuda:0'),53056.8984375
tensor([1858], device='cuda:0'),52945.26171875
tensor([1859], device='cuda:0'),21488.291015625
tensor([1860], device='cuda:0'),90631.96875
tensor([1861], device='cuda:0'),28463.66796875
tensor([1862], device='cuda:0'),210217.859375
tensor([1863], device='cuda:0'),180675.34375
tensor([1864], device='cuda:0'),180679.828125
tensor([1865], device='cuda:0'),213137.25
tensor([1866], device='cuda:0'),201691.859375
tensor([1867], device='cuda:0'),130130.125
tensor([1868], device='cuda:0'),161979.390625
tensor([1869], device='cuda:0'),111221.375
tensor([1870], device='cuda:0'),133499.90625
tensor([1871], device='cuda:0'),162002.765625
tensor([1872], device='cuda:0'),90096.625
tensor([1873], device='cuda:0'),149452.109375
tensor([1874], device='cuda:0'),43954.66796875
tensor([1875], device='cuda:0'),98013.9609375
tensor([1876], device='cuda:0'),121620.15625
tensor([1877], device='cuda:0'),120201.59375
tensor([1878], device='cuda:0'),90456.75
tensor([1879], device='cuda:0'),69038.09375
tensor([1880], device='cuda:0'),53774.09375
tensor([1881], device='cuda:0'),151248.5
tensor([1882], device='cuda:0'),150021.75
tensor([1883], device='cuda:0'),102199.3515625
tensor([1884], device='cuda:0'),116319.8046875
tensor([1885], device='cuda:0'),105916.5703125
tensor([1886], device='cuda:0'),162857.421875
tensor([1887], device='cuda:0'),126093.796875
tensor([1888], device='cuda:0'),140299.0625
tensor([1889], device='cuda:0'),90367.265625
tensor([1890], device='cuda:0'),33287.828125
tensor([1891], device='cuda:0'),56051.75390625
tensor([1892], device='cuda:0'),22.55405044555664
tensor([1893], device='cuda:0'),12657.126953125
tensor([1894], device='cuda:0'),18.15914535522461
tensor([1895], device='cuda:0'),49491.7890625
tensor([1896], device='cuda:0'),59629.640625
tensor([1897], device='cuda:0'),23398.732421875
tensor([1898], device='cuda:0'),8112.75048828125
tensor([1899], device='cuda:0'),86976.3046875
tensor([1900], device='cuda:0'),86552.15625
tensor([1901], device='cuda:0'),87068.75
tensor([1902], device='cuda:0'),76165.03125
tensor([1903], device='cuda:0'),149742.765625
tensor([1904], device='cuda:0'),59898.328125
tensor([1905], device='cuda:0'),117113.6953125
tensor([1906], device='cuda:0'),80445.6875
tensor([1907], device='cuda:0'),112758.7734375
tensor([1908], device='cuda:0'),36864.30859375
tensor([1909], device='cuda:0'),56402.3046875
tensor([1910], device='cuda:0'),48333.890625
tensor([1911], device='cuda:0'),124896.078125
tensor([1912], device='cuda:0'),174827.5
tensor([1913], device='cuda:0'),52209.48828125
tensor([1914], device='cuda:0'),18.15914535522461
tensor([1915], device='cuda:0'),214832.734375
tensor([1916], device='cuda:0'),18.15914535522461
tensor([1917], device='cuda:0'),157460.859375
tensor([1918], device='cuda:0'),66202.4609375
tensor([1919], device='cuda:0'),84137.7109375
tensor([1920], device='cuda:0'),56867.91015625
tensor([1921], device='cuda:0'),236350.09375
tensor([1922], device='cuda:0'),203004.796875
tensor([1923], device='cuda:0'),142235.203125
tensor([1924], device='cuda:0'),122306.8046875
tensor([1925], device='cuda:0'),116336.4375
tensor([1926], device='cuda:0'),213117.265625
tensor([1927], device='cuda:0'),69593.4140625
tensor([1928], device='cuda:0'),57900.7421875
tensor([1929], device='cuda:0'),26080.095703125
tensor([1930], device='cuda:0'),58485.01953125
tensor([1931], device='cuda:0'),56978.87890625
tensor([1932], device='cuda:0'),53883.60546875
tensor([1933], device='cuda:0'),87211.0
tensor([1934], device='cuda:0'),100643.75
tensor([1935], device='cuda:0'),96825.890625
tensor([1936], device='cuda:0'),110601.609375
tensor([1937], device='cuda:0'),91608.484375
tensor([1938], device='cuda:0'),84450.6484375
tensor([1939], device='cuda:0'),155519.078125
tensor([1940], device='cuda:0'),102611.015625
tensor([1941], device='cuda:0'),79557.046875
tensor([1942], device='cuda:0'),83254.796875
tensor([1943], device='cuda:0'),130172.078125
tensor([1944], device='cuda:0'),297915.03125
tensor([1945], device='cuda:0'),284272.15625
tensor([1946], device='cuda:0'),71039.125
tensor([1947], device='cuda:0'),194167.984375
tensor([1948], device='cuda:0'),62130.921875
tensor([1949], device='cuda:0'),146826.09375
tensor([1950], device='cuda:0'),99980.59375
tensor([1951], device='cuda:0'),143467.953125
tensor([1952], device='cuda:0'),123884.4921875
tensor([1953], device='cuda:0'),97540.625
tensor([1954], device='cuda:0'),91300.578125
tensor([1955], device='cuda:0'),62527.58984375
tensor([1956], device='cuda:0'),162558.390625
tensor([1957], device='cuda:0'),67172.53125
tensor([1958], device='cuda:0'),148752.765625
tensor([1959], device='cuda:0'),77255.421875
tensor([1960], device='cuda:0'),46989.546875
tensor([1961], device='cuda:0'),60526.86328125
tensor([1962], device='cuda:0'),18.15914535522461
tensor([1963], device='cuda:0'),18.15914535522461
tensor([1964], device='cuda:0'),18.15914535522461
tensor([1965], device='cuda:0'),69819.0078125
tensor([1966], device='cuda:0'),56120.0234375
tensor([1967], device='cuda:0'),213707.734375
tensor([1968], device='cuda:0'),270956.40625
tensor([1969], device='cuda:0'),226187.203125
tensor([1970], device='cuda:0'),284001.3125
tensor([1971], device='cuda:0'),296090.4375
tensor([1972], device='cuda:0'),237290.5
tensor([1973], device='cuda:0'),164687.625
tensor([1974], device='cuda:0'),218486.234375
tensor([1975], device='cuda:0'),325347.9375
tensor([1976], device='cuda:0'),158366.40625
tensor([1977], device='cuda:0'),236234.625
tensor([1978], device='cuda:0'),219571.59375
tensor([1979], device='cuda:0'),223087.453125
tensor([1980], device='cuda:0'),109518.7734375
tensor([1981], device='cuda:0'),246107.203125
tensor([1982], device='cuda:0'),131687.984375
tensor([1983], device='cuda:0'),116242.8203125
tensor([1984], device='cuda:0'),82514.4296875
tensor([1985], device='cuda:0'),133237.671875
tensor([1986], device='cuda:0'),120028.3046875
tensor([1987], device='cuda:0'),86238.0234375
tensor([1988], device='cuda:0'),87943.7578125
tensor([1989], device='cuda:0'),99341.7109375
tensor([1990], device='cuda:0'),123867.0546875
tensor([1991], device='cuda:0'),150274.71875
tensor([1992], device='cuda:0'),119308.40625
tensor([1993], device='cuda:0'),96088.4921875
tensor([1994], device='cuda:0'),110647.015625
tensor([1995], device='cuda:0'),100673.0078125
tensor([1996], device='cuda:0'),169750.875
tensor([1997], device='cuda:0'),181668.828125
tensor([1998], device='cuda:0'),183371.171875
tensor([1999], device='cuda:0'),200096.125
tensor([2000], device='cuda:0'),181027.859375
tensor([2001], device='cuda:0'),169886.265625
tensor([2002], device='cuda:0'),138478.65625
tensor([2003], device='cuda:0'),147428.71875
tensor([2004], device='cuda:0'),160187.0
tensor([2005], device='cuda:0'),119784.421875
tensor([2006], device='cuda:0'),143538.171875
tensor([2007], device='cuda:0'),123741.7578125
tensor([2008], device='cuda:0'),133288.953125
tensor([2009], device='cuda:0'),124142.1796875
tensor([2010], device='cuda:0'),104195.4921875
tensor([2011], device='cuda:0'),61386.9609375
tensor([2012], device='cuda:0'),92521.984375
tensor([2013], device='cuda:0'),101989.0078125
tensor([2014], device='cuda:0'),102910.3125
tensor([2015], device='cuda:0'),124590.3046875
tensor([2016], device='cuda:0'),114189.203125
tensor([2017], device='cuda:0'),102346.8125
tensor([2018], device='cuda:0'),68848.828125
tensor([2019], device='cuda:0'),64139.1171875
tensor([2020], device='cuda:0'),18.15914535522461
tensor([2021], device='cuda:0'),40862.86328125
tensor([2022], device='cuda:0'),115881.5078125
tensor([2023], device='cuda:0'),63790.54296875
tensor([2024], device='cuda:0'),173793.34375
tensor([2025], device='cuda:0'),225159.53125
tensor([2026], device='cuda:0'),93733.4375
tensor([2027], device='cuda:0'),82605.3359375
tensor([2028], device='cuda:0'),69189.96875
tensor([2029], device='cuda:0'),102628.4921875
tensor([2030], device='cuda:0'),144880.140625
tensor([2031], device='cuda:0'),112240.296875
tensor([2032], device='cuda:0'),115123.90625
tensor([2033], device='cuda:0'),128296.5078125
tensor([2034], device='cuda:0'),93617.0703125
tensor([2035], device='cuda:0'),119316.1328125
tensor([2036], device='cuda:0'),127295.5390625
tensor([2037], device='cuda:0'),127604.2890625
tensor([2038], device='cuda:0'),159220.671875
tensor([2039], device='cuda:0'),136489.9375
tensor([2040], device='cuda:0'),160950.265625
tensor([2041], device='cuda:0'),152349.765625
tensor([2042], device='cuda:0'),114861.8828125
tensor([2043], device='cuda:0'),95066.6875
tensor([2044], device='cuda:0'),82201.0078125
tensor([2045], device='cuda:0'),123553.15625
tensor([2046], device='cuda:0'),84632.53125
tensor([2047], device='cuda:0'),70855.015625
tensor([2048], device='cuda:0'),77748.6171875
tensor([2049], device='cuda:0'),68871.6875
tensor([2050], device='cuda:0'),87111.8828125
tensor([2051], device='cuda:0'),8566.5009765625
tensor([2052], device='cuda:0'),51045.484375
tensor([2053], device='cuda:0'),71477.8515625
tensor([2054], device='cuda:0'),18.15914535522461
tensor([2055], device='cuda:0'),84078.0625
tensor([2056], device='cuda:0'),76474.5078125
tensor([2057], device='cuda:0'),50321.12109375
tensor([2058], device='cuda:0'),118676.3515625
tensor([2059], device='cuda:0'),64002.3671875
tensor([2060], device='cuda:0'),93267.03125
tensor([2061], device='cuda:0'),94840.796875
tensor([2062], device='cuda:0'),57625.13671875
tensor([2063], device='cuda:0'),63933.46484375
tensor([2064], device='cuda:0'),72784.7890625
tensor([2065], device='cuda:0'),57252.96875
tensor([2066], device='cuda:0'),80078.9921875
tensor([2067], device='cuda:0'),39504.39453125
tensor([2068], device='cuda:0'),75000.1875
tensor([2069], device='cuda:0'),18.15914535522461
tensor([2070], device='cuda:0'),18.15914535522461
tensor([2071], device='cuda:0'),18.15914535522461
tensor([2072], device='cuda:0'),57322.78515625
tensor([2073], device='cuda:0'),72648.2578125
tensor([2074], device='cuda:0'),101006.703125
tensor([2075], device='cuda:0'),80378.0546875
tensor([2076], device='cuda:0'),65134.82421875
tensor([2077], device='cuda:0'),79262.3125
tensor([2078], device='cuda:0'),60889.91015625
tensor([2079], device='cuda:0'),64990.546875
tensor([2080], device='cuda:0'),18.15914535522461
tensor([2081], device='cuda:0'),41897.71484375
tensor([2082], device='cuda:0'),18.15914535522461
tensor([2083], device='cuda:0'),76715.0703125
tensor([2084], device='cuda:0'),20349.8359375
tensor([2085], device='cuda:0'),48734.48046875
tensor([2086], device='cuda:0'),18.15914535522461
tensor([2087], device='cuda:0'),18.15914535522461
tensor([2088], device='cuda:0'),18.15914535522461
tensor([2089], device='cuda:0'),18.15914535522461
tensor([2090], device='cuda:0'),18.15914535522461
tensor([2091], device='cuda:0'),18.15914535522461
tensor([2092], device='cuda:0'),46984.85546875
tensor([2093], device='cuda:0'),18.15914535522461
tensor([2094], device='cuda:0'),20595.330078125
tensor([2095], device='cuda:0'),72854.0
tensor([2096], device='cuda:0'),18.15914535522461
tensor([2097], device='cuda:0'),64.56167602539062
tensor([2098], device='cuda:0'),58958.9609375
tensor([2099], device='cuda:0'),18.15914535522461
tensor([2100], device='cuda:0'),18.15914535522461
tensor([2101], device='cuda:0'),18.15914535522461
tensor([2102], device='cuda:0'),36884.93359375
tensor([2103], device='cuda:0'),15576.97265625
tensor([2104], device='cuda:0'),49974.21484375
tensor([2105], device='cuda:0'),18.15914535522461
tensor([2106], device='cuda:0'),18.15914535522461
tensor([2107], device='cuda:0'),131575.65625
tensor([2108], device='cuda:0'),39380.67578125
tensor([2109], device='cuda:0'),29893.060546875
tensor([2110], device='cuda:0'),37541.7578125
tensor([2111], device='cuda:0'),41710.7890625
tensor([2112], device='cuda:0'),85897.8359375
tensor([2113], device='cuda:0'),41487.546875
tensor([2114], device='cuda:0'),18.15914535522461
tensor([2115], device='cuda:0'),82056.8125
tensor([2116], device='cuda:0'),38189.83984375
tensor([2117], device='cuda:0'),78174.265625
tensor([2118], device='cuda:0'),68352.140625
tensor([2119], device='cuda:0'),18.15914535522461
tensor([2120], device='cuda:0'),29003.90625
tensor([2121], device='cuda:0'),18.15914535522461
tensor([2122], device='cuda:0'),18.15914535522461
tensor([2123], device='cuda:0'),18.15914535522461
tensor([2124], device='cuda:0'),109808.7109375
tensor([2125], device='cuda:0'),38351.44921875
tensor([2126], device='cuda:0'),83834.5078125
tensor([2127], device='cuda:0'),27176.12890625
tensor([2128], device='cuda:0'),18.15914535522461
tensor([2129], device='cuda:0'),18.15914535522461
tensor([2130], device='cuda:0'),73007.5859375
tensor([2131], device='cuda:0'),35630.0859375
tensor([2132], device='cuda:0'),18.15914535522461
tensor([2133], device='cuda:0'),51524.09375
tensor([2134], device='cuda:0'),41522.0625
tensor([2135], device='cuda:0'),18.15914535522461
tensor([2136], device='cuda:0'),18.15914535522461
tensor([2137], device='cuda:0'),19855.40625
tensor([2138], device='cuda:0'),57567.37890625
tensor([2139], device='cuda:0'),77915.390625
tensor([2140], device='cuda:0'),74490.390625
tensor([2141], device='cuda:0'),102586.515625
tensor([2142], device='cuda:0'),49005.20703125
tensor([2143], device='cuda:0'),59589.5390625
tensor([2144], device='cuda:0'),18.15914535522461
tensor([2145], device='cuda:0'),71868.078125
tensor([2146], device='cuda:0'),108911.125
tensor([2147], device='cuda:0'),72977.484375
tensor([2148], device='cuda:0'),55383.125
tensor([2149], device='cuda:0'),73739.8828125
tensor([2150], device='cuda:0'),142358.46875
tensor([2151], device='cuda:0'),63759.8984375
tensor([2152], device='cuda:0'),6147.87060546875
tensor([2153], device='cuda:0'),92029.9453125
tensor([2154], device='cuda:0'),18.15914535522461
tensor([2155], device='cuda:0'),65290.4609375
tensor([2156], device='cuda:0'),148115.625
tensor([2157], device='cuda:0'),131057.46875
tensor([2158], device='cuda:0'),129582.890625
tensor([2159], device='cuda:0'),103543.21875
tensor([2160], device='cuda:0'),81610.4296875
tensor([2161], device='cuda:0'),136879.5625
tensor([2162], device='cuda:0'),229727.953125
tensor([2163], device='cuda:0'),213317.734375
tensor([2164], device='cuda:0'),136674.578125
tensor([2165], device='cuda:0'),112130.3984375
tensor([2166], device='cuda:0'),73944.765625
tensor([2167], device='cuda:0'),121708.6328125
tensor([2168], device='cuda:0'),109614.1015625
tensor([2169], device='cuda:0'),117596.7890625
tensor([2170], device='cuda:0'),132246.875
tensor([2171], device='cuda:0'),72701.9921875
tensor([2172], device='cuda:0'),56402.22265625
tensor([2173], device='cuda:0'),102101.8984375
tensor([2174], device='cuda:0'),130059.40625
tensor([2175], device='cuda:0'),199551.46875
tensor([2176], device='cuda:0'),198378.515625
tensor([2177], device='cuda:0'),150688.390625
tensor([2178], device='cuda:0'),116733.3671875
tensor([2179], device='cuda:0'),68640.515625
tensor([2180], device='cuda:0'),112487.1875
tensor([2181], device='cuda:0'),104678.078125
tensor([2182], device='cuda:0'),128325.78125
tensor([2183], device='cuda:0'),96024.2890625
tensor([2184], device='cuda:0'),54579.67578125
tensor([2185], device='cuda:0'),32567.86328125
tensor([2186], device='cuda:0'),45180.65234375
tensor([2187], device='cuda:0'),82232.1875
tensor([2188], device='cuda:0'),78344.8671875
tensor([2189], device='cuda:0'),153949.140625
tensor([2190], device='cuda:0'),18.15914535522461
tensor([2191], device='cuda:0'),18.15914535522461
tensor([2192], device='cuda:0'),18.15914535522461
tensor([2193], device='cuda:0'),18.15914535522461
tensor([2194], device='cuda:0'),18.15914535522461
tensor([2195], device='cuda:0'),8449.943359375
tensor([2196], device='cuda:0'),15156.517578125
tensor([2197], device='cuda:0'),49964.18359375
tensor([2198], device='cuda:0'),61312.05859375
tensor([2199], device='cuda:0'),124402.9609375
tensor([2200], device='cuda:0'),78932.8359375
tensor([2201], device='cuda:0'),84974.2578125
tensor([2202], device='cuda:0'),111097.6953125
tensor([2203], device='cuda:0'),79484.359375
tensor([2204], device='cuda:0'),91605.234375
tensor([2205], device='cuda:0'),18.15914535522461
tensor([2206], device='cuda:0'),93896.34375
tensor([2207], device='cuda:0'),107193.140625
tensor([2208], device='cuda:0'),152306.03125
tensor([2209], device='cuda:0'),137796.515625
tensor([2210], device='cuda:0'),47516.890625
tensor([2211], device='cuda:0'),2313.9580078125
tensor([2212], device='cuda:0'),40804.14453125
tensor([2213], device='cuda:0'),18.15914535522461
tensor([2214], device='cuda:0'),52201.796875
tensor([2215], device='cuda:0'),44091.47265625
tensor([2216], device='cuda:0'),63427.9765625
tensor([2217], device='cuda:0'),18.15914535522461
tensor([2218], device='cuda:0'),18.15914535522461
tensor([2219], device='cuda:0'),18.15914535522461
tensor([2220], device='cuda:0'),18.15914535522461
tensor([2221], device='cuda:0'),224568.1875
tensor([2222], device='cuda:0'),174563.0
tensor([2223], device='cuda:0'),178171.21875
tensor([2224], device='cuda:0'),112050.96875
tensor([2225], device='cuda:0'),53568.4921875
tensor([2226], device='cuda:0'),97172.9140625
tensor([2227], device='cuda:0'),106798.9140625
tensor([2228], device='cuda:0'),154521.9375
tensor([2229], device='cuda:0'),134676.53125
tensor([2230], device='cuda:0'),78393.328125
tensor([2231], device='cuda:0'),130035.6796875
tensor([2232], device='cuda:0'),96163.40625
tensor([2233], device='cuda:0'),118400.6171875
tensor([2234], device='cuda:0'),131036.7109375
tensor([2235], device='cuda:0'),119399.9140625
tensor([2236], device='cuda:0'),130749.34375
tensor([2237], device='cuda:0'),167844.203125
tensor([2238], device='cuda:0'),109500.734375
tensor([2239], device='cuda:0'),18.15914535522461
tensor([2240], device='cuda:0'),94016.609375
tensor([2241], device='cuda:0'),80165.203125
tensor([2242], device='cuda:0'),37033.5546875
tensor([2243], device='cuda:0'),60061.09375
tensor([2244], device='cuda:0'),18.15914535522461
tensor([2245], device='cuda:0'),18.15914535522461
tensor([2246], device='cuda:0'),76816.9609375
tensor([2247], device='cuda:0'),18.15914535522461
tensor([2248], device='cuda:0'),47309.98828125
tensor([2249], device='cuda:0'),48239.203125
tensor([2250], device='cuda:0'),51990.25
tensor([2251], device='cuda:0'),51754.05078125
tensor([2252], device='cuda:0'),101701.703125
tensor([2253], device='cuda:0'),74704.34375
tensor([2254], device='cuda:0'),102537.140625
tensor([2255], device='cuda:0'),94293.359375
tensor([2256], device='cuda:0'),94759.4296875
tensor([2257], device='cuda:0'),109923.078125
tensor([2258], device='cuda:0'),98090.1484375
tensor([2259], device='cuda:0'),102976.953125
tensor([2260], device='cuda:0'),51460.77734375
tensor([2261], device='cuda:0'),111431.765625
tensor([2262], device='cuda:0'),130100.3984375
tensor([2263], device='cuda:0'),281529.15625
tensor([2264], device='cuda:0'),275317.09375
tensor([2265], device='cuda:0'),97406.4765625
tensor([2266], device='cuda:0'),250570.9375
tensor([2267], device='cuda:0'),262563.75
tensor([2268], device='cuda:0'),276825.71875
tensor([2269], device='cuda:0'),69858.046875
tensor([2270], device='cuda:0'),117139.890625
tensor([2271], device='cuda:0'),114303.390625
tensor([2272], device='cuda:0'),122694.8046875
tensor([2273], device='cuda:0'),84998.609375
tensor([2274], device='cuda:0'),116033.640625
tensor([2275], device='cuda:0'),84683.40625
tensor([2276], device='cuda:0'),117843.109375
tensor([2277], device='cuda:0'),96584.46875
tensor([2278], device='cuda:0'),74639.3203125
tensor([2279], device='cuda:0'),51144.6015625
tensor([2280], device='cuda:0'),1221.8441162109375
tensor([2281], device='cuda:0'),70520.140625
tensor([2282], device='cuda:0'),96221.6328125
tensor([2283], device='cuda:0'),18.15914535522461
tensor([2284], device='cuda:0'),18.15914535522461
tensor([2285], device='cuda:0'),60305.0078125
tensor([2286], device='cuda:0'),52705.9140625
tensor([2287], device='cuda:0'),216832.5625
tensor([2288], device='cuda:0'),188706.359375
tensor([2289], device='cuda:0'),214095.734375
tensor([2290], device='cuda:0'),274543.28125
tensor([2291], device='cuda:0'),235448.078125
tensor([2292], device='cuda:0'),258138.890625
tensor([2293], device='cuda:0'),291582.71875
tensor([2294], device='cuda:0'),299298.09375
tensor([2295], device='cuda:0'),286232.75
tensor([2296], device='cuda:0'),125567.9609375
tensor([2297], device='cuda:0'),238292.28125
tensor([2298], device='cuda:0'),236874.078125
tensor([2299], device='cuda:0'),224369.640625
tensor([2300], device='cuda:0'),190362.0
tensor([2301], device='cuda:0'),202521.984375
tensor([2302], device='cuda:0'),146895.328125
tensor([2303], device='cuda:0'),146643.265625
tensor([2304], device='cuda:0'),158159.703125
tensor([2305], device='cuda:0'),112643.953125
tensor([2306], device='cuda:0'),112610.921875
tensor([2307], device='cuda:0'),109739.5
tensor([2308], device='cuda:0'),146725.8125
tensor([2309], device='cuda:0'),163412.03125
tensor([2310], device='cuda:0'),150925.171875
tensor([2311], device='cuda:0'),102220.9453125
tensor([2312], device='cuda:0'),100935.2109375
tensor([2313], device='cuda:0'),84704.546875
tensor([2314], device='cuda:0'),94610.5078125
tensor([2315], device='cuda:0'),96653.125
tensor([2316], device='cuda:0'),91508.2109375
tensor([2317], device='cuda:0'),112815.4765625
tensor([2318], device='cuda:0'),96607.6953125
tensor([2319], device='cuda:0'),98853.3203125
tensor([2320], device='cuda:0'),87022.28125
tensor([2321], device='cuda:0'),138231.5625
tensor([2322], device='cuda:0'),83438.8515625
tensor([2323], device='cuda:0'),105999.2109375
tensor([2324], device='cuda:0'),109192.296875
tensor([2325], device='cuda:0'),110905.03125
tensor([2326], device='cuda:0'),105607.2109375
tensor([2327], device='cuda:0'),117227.84375
tensor([2328], device='cuda:0'),127747.15625
tensor([2329], device='cuda:0'),108898.125
tensor([2330], device='cuda:0'),98609.6796875
tensor([2331], device='cuda:0'),204695.140625
tensor([2332], device='cuda:0'),284726.09375
tensor([2333], device='cuda:0'),218821.515625
tensor([2334], device='cuda:0'),185311.4375
tensor([2335], device='cuda:0'),182623.984375
tensor([2336], device='cuda:0'),191970.65625
tensor([2337], device='cuda:0'),91083.1015625
tensor([2338], device='cuda:0'),124116.203125
tensor([2339], device='cuda:0'),103066.5234375
tensor([2340], device='cuda:0'),198109.234375
tensor([2341], device='cuda:0'),108768.578125
tensor([2342], device='cuda:0'),137855.484375
tensor([2343], device='cuda:0'),129765.609375
tensor([2344], device='cuda:0'),117881.515625
tensor([2345], device='cuda:0'),142587.296875
tensor([2346], device='cuda:0'),118785.125
tensor([2347], device='cuda:0'),98845.234375
tensor([2348], device='cuda:0'),132359.5
tensor([2349], device='cuda:0'),101353.5
tensor([2350], device='cuda:0'),165108.484375
tensor([2351], device='cuda:0'),142256.234375
tensor([2352], device='cuda:0'),142180.09375
tensor([2353], device='cuda:0'),170517.1875
tensor([2354], device='cuda:0'),18.15914535522461
tensor([2355], device='cuda:0'),44455.078125
tensor([2356], device='cuda:0'),85138.7890625
tensor([2357], device='cuda:0'),109641.359375
tensor([2358], device='cuda:0'),103162.515625
tensor([2359], device='cuda:0'),59546.33984375
tensor([2360], device='cuda:0'),47102.3203125
tensor([2361], device='cuda:0'),66164.2265625
tensor([2362], device='cuda:0'),137569.96875
tensor([2363], device='cuda:0'),77246.5546875
tensor([2364], device='cuda:0'),87558.21875
tensor([2365], device='cuda:0'),121696.0
tensor([2366], device='cuda:0'),118181.0546875
tensor([2367], device='cuda:0'),126931.609375
tensor([2368], device='cuda:0'),129001.7734375
tensor([2369], device='cuda:0'),112321.21875
tensor([2370], device='cuda:0'),103468.171875
tensor([2371], device='cuda:0'),91372.921875
tensor([2372], device='cuda:0'),115419.484375
tensor([2373], device='cuda:0'),191089.171875
tensor([2374], device='cuda:0'),204284.171875
tensor([2375], device='cuda:0'),149108.484375
tensor([2376], device='cuda:0'),163724.0625
tensor([2377], device='cuda:0'),195953.375
tensor([2378], device='cuda:0'),93375.5078125
tensor([2379], device='cuda:0'),107307.84375
tensor([2380], device='cuda:0'),71514.921875
tensor([2381], device='cuda:0'),104733.9609375
tensor([2382], device='cuda:0'),127333.6484375
tensor([2383], device='cuda:0'),103052.03125
tensor([2384], device='cuda:0'),147931.9375
tensor([2385], device='cuda:0'),95661.3359375
tensor([2386], device='cuda:0'),61243.79296875
tensor([2387], device='cuda:0'),58995.09375
tensor([2388], device='cuda:0'),18.15914535522461
tensor([2389], device='cuda:0'),56956.890625
tensor([2390], device='cuda:0'),95374.6328125
tensor([2391], device='cuda:0'),79046.2109375
tensor([2392], device='cuda:0'),37775.3125
tensor([2393], device='cuda:0'),93665.6875
tensor([2394], device='cuda:0'),68552.15625
tensor([2395], device='cuda:0'),117724.9296875
tensor([2396], device='cuda:0'),75191.8984375
tensor([2397], device='cuda:0'),113316.6328125
tensor([2398], device='cuda:0'),49453.03515625
tensor([2399], device='cuda:0'),18.15914535522461
tensor([2400], device='cuda:0'),18.15914535522461
tensor([2401], device='cuda:0'),28972.861328125
tensor([2402], device='cuda:0'),50061.3984375
tensor([2403], device='cuda:0'),73479.203125
tensor([2404], device='cuda:0'),82001.1171875
tensor([2405], device='cuda:0'),83073.046875
tensor([2406], device='cuda:0'),75170.78125
tensor([2407], device='cuda:0'),63030.39453125
tensor([2408], device='cuda:0'),71017.828125
tensor([2409], device='cuda:0'),57450.20703125
tensor([2410], device='cuda:0'),81819.25
tensor([2411], device='cuda:0'),54341.0703125
tensor([2412], device='cuda:0'),72536.640625
tensor([2413], device='cuda:0'),56961.796875
tensor([2414], device='cuda:0'),77592.0234375
tensor([2415], device='cuda:0'),71535.453125
tensor([2416], device='cuda:0'),62370.55078125
tensor([2417], device='cuda:0'),68294.328125
tensor([2418], device='cuda:0'),70416.8515625
tensor([2419], device='cuda:0'),51475.546875
tensor([2420], device='cuda:0'),62929.88671875
tensor([2421], device='cuda:0'),76228.71875
tensor([2422], device='cuda:0'),49627.296875
tensor([2423], device='cuda:0'),18.15914535522461
tensor([2424], device='cuda:0'),58690.2109375
tensor([2425], device='cuda:0'),105432.6875
tensor([2426], device='cuda:0'),82686.546875
tensor([2427], device='cuda:0'),31567.328125
tensor([2428], device='cuda:0'),115777.0546875
tensor([2429], device='cuda:0'),43294.37109375
tensor([2430], device='cuda:0'),66714.109375
tensor([2431], device='cuda:0'),49402.36328125
tensor([2432], device='cuda:0'),91930.5859375
tensor([2433], device='cuda:0'),82415.4609375
tensor([2434], device='cuda:0'),59491.80078125
tensor([2435], device='cuda:0'),77490.203125
tensor([2436], device='cuda:0'),24989.16796875
tensor([2437], device='cuda:0'),30782.34375
tensor([2438], device='cuda:0'),64491.02734375
tensor([2439], device='cuda:0'),18.15914535522461
tensor([2440], device='cuda:0'),19933.2421875
tensor([2441], device='cuda:0'),18.15914535522461
tensor([2442], device='cuda:0'),18.15914535522461
tensor([2443], device='cuda:0'),55170.921875
tensor([2444], device='cuda:0'),67268.4375
tensor([2445], device='cuda:0'),18.15914535522461
tensor([2446], device='cuda:0'),7960.380859375
tensor([2447], device='cuda:0'),80784.1171875
tensor([2448], device='cuda:0'),50865.328125
tensor([2449], device='cuda:0'),18.15914535522461
tensor([2450], device='cuda:0'),67089.5078125
tensor([2451], device='cuda:0'),49708.95703125
tensor([2452], device='cuda:0'),105794.53125
tensor([2453], device='cuda:0'),18.15914535522461
tensor([2454], device='cuda:0'),55476.96484375
tensor([2455], device='cuda:0'),18.15914535522461
tensor([2456], device='cuda:0'),18.15914535522461
tensor([2457], device='cuda:0'),52101.06640625
tensor([2458], device='cuda:0'),52951.91015625
tensor([2459], device='cuda:0'),18.15914535522461
tensor([2460], device='cuda:0'),49896.33984375
tensor([2461], device='cuda:0'),78310.671875
tensor([2462], device='cuda:0'),66639.0546875
tensor([2463], device='cuda:0'),26918.84765625
tensor([2464], device='cuda:0'),112555.8515625
tensor([2465], device='cuda:0'),63401.2578125
tensor([2466], device='cuda:0'),18.15914535522461
tensor([2467], device='cuda:0'),50716.15234375
tensor([2468], device='cuda:0'),18.15914535522461
tensor([2469], device='cuda:0'),18.15914535522461
tensor([2470], device='cuda:0'),101638.8046875
tensor([2471], device='cuda:0'),127019.25
tensor([2472], device='cuda:0'),46906.28125
tensor([2473], device='cuda:0'),18.15914535522461
tensor([2474], device='cuda:0'),18.15914535522461
tensor([2475], device='cuda:0'),103392.7265625
tensor([2476], device='cuda:0'),22471.474609375
tensor([2477], device='cuda:0'),37383.4296875
tensor([2478], device='cuda:0'),69544.4375
tensor([2479], device='cuda:0'),31179.310546875
tensor([2480], device='cuda:0'),69595.140625
tensor([2481], device='cuda:0'),69862.015625
tensor([2482], device='cuda:0'),8107.85205078125
tensor([2483], device='cuda:0'),51568.24609375
tensor([2484], device='cuda:0'),52739.9296875
tensor([2485], device='cuda:0'),67659.9609375
tensor([2486], device='cuda:0'),69958.2109375
tensor([2487], device='cuda:0'),116808.875
tensor([2488], device='cuda:0'),103292.6171875
tensor([2489], device='cuda:0'),76575.34375
tensor([2490], device='cuda:0'),91885.9453125
tensor([2491], device='cuda:0'),18.15914535522461
tensor([2492], device='cuda:0'),102268.828125
tensor([2493], device='cuda:0'),93300.7421875
tensor([2494], device='cuda:0'),44832.45703125
tensor([2495], device='cuda:0'),18.15914535522461
tensor([2496], device='cuda:0'),133269.84375
tensor([2497], device='cuda:0'),69435.0625
tensor([2498], device='cuda:0'),49860.921875
tensor([2499], device='cuda:0'),18.15914535522461
tensor([2500], device='cuda:0'),28948.68359375
tensor([2501], device='cuda:0'),69104.78125
tensor([2502], device='cuda:0'),70842.6875
tensor([2503], device='cuda:0'),18.15914535522461
tensor([2504], device='cuda:0'),78320.2265625
tensor([2505], device='cuda:0'),151335.65625
tensor([2506], device='cuda:0'),135197.921875
tensor([2507], device='cuda:0'),174154.21875
tensor([2508], device='cuda:0'),148430.5
tensor([2509], device='cuda:0'),127569.34375
tensor([2510], device='cuda:0'),108853.1796875
tensor([2511], device='cuda:0'),92038.9765625
tensor([2512], device='cuda:0'),125208.34375
tensor([2513], device='cuda:0'),126673.265625
tensor([2514], device='cuda:0'),164018.796875
tensor([2515], device='cuda:0'),79024.03125
tensor([2516], device='cuda:0'),100632.84375
tensor([2517], device='cuda:0'),74639.390625
tensor([2518], device='cuda:0'),79737.484375
tensor([2519], device='cuda:0'),164846.84375
tensor([2520], device='cuda:0'),131376.90625
tensor([2521], device='cuda:0'),104349.328125
tensor([2522], device='cuda:0'),133332.265625
tensor([2523], device='cuda:0'),49517.72265625
tensor([2524], device='cuda:0'),70038.3828125
tensor([2525], device='cuda:0'),76908.359375
tensor([2526], device='cuda:0'),88037.5859375
tensor([2527], device='cuda:0'),68400.859375
tensor([2528], device='cuda:0'),67910.28125
tensor([2529], device='cuda:0'),62750.69140625
tensor([2530], device='cuda:0'),64898.22265625
tensor([2531], device='cuda:0'),166844.921875
tensor([2532], device='cuda:0'),121912.3359375
tensor([2533], device='cuda:0'),111976.2890625
tensor([2534], device='cuda:0'),133873.9375
tensor([2535], device='cuda:0'),169779.765625
tensor([2536], device='cuda:0'),136818.34375
tensor([2537], device='cuda:0'),145128.65625
tensor([2538], device='cuda:0'),90269.4765625
tensor([2539], device='cuda:0'),95784.484375
tensor([2540], device='cuda:0'),85278.3046875
tensor([2541], device='cuda:0'),105643.703125
tensor([2542], device='cuda:0'),83141.4296875
tensor([2543], device='cuda:0'),49158.96484375
tensor([2544], device='cuda:0'),39389.19140625
tensor([2545], device='cuda:0'),51180.9921875
tensor([2546], device='cuda:0'),38873.20703125
tensor([2547], device='cuda:0'),74398.2265625
tensor([2548], device='cuda:0'),83780.03125
tensor([2549], device='cuda:0'),79021.46875
tensor([2550], device='cuda:0'),341262.40625
tensor([2551], device='cuda:0'),64942.015625
tensor([2552], device='cuda:0'),51627.0
tensor([2553], device='cuda:0'),18.15914535522461
tensor([2554], device='cuda:0'),18.15914535522461
tensor([2555], device='cuda:0'),44272.8671875
tensor([2556], device='cuda:0'),28837.388671875
tensor([2557], device='cuda:0'),18.15914535522461
tensor([2558], device='cuda:0'),34136.78125
tensor([2559], device='cuda:0'),64083.16796875
tensor([2560], device='cuda:0'),98666.4140625
tensor([2561], device='cuda:0'),109810.9453125
tensor([2562], device='cuda:0'),71878.015625
tensor([2563], device='cuda:0'),58299.3671875
tensor([2564], device='cuda:0'),96449.375
tensor([2565], device='cuda:0'),102289.8125
tensor([2566], device='cuda:0'),125447.9453125
tensor([2567], device='cuda:0'),42383.02734375
tensor([2568], device='cuda:0'),125425.1484375
tensor([2569], device='cuda:0'),167376.328125
tensor([2570], device='cuda:0'),42601.46484375
tensor([2571], device='cuda:0'),110896.5625
tensor([2572], device='cuda:0'),11384.994140625
tensor([2573], device='cuda:0'),112756.4375
tensor([2574], device='cuda:0'),180255.984375
tensor([2575], device='cuda:0'),50101.9921875
tensor([2576], device='cuda:0'),18.15914535522461
tensor([2577], device='cuda:0'),52439.15234375
tensor([2578], device='cuda:0'),18.15914535522461
tensor([2579], device='cuda:0'),18.15914535522461
tensor([2580], device='cuda:0'),18.15914535522461
tensor([2581], device='cuda:0'),43731.03125
tensor([2582], device='cuda:0'),43630.25390625
tensor([2583], device='cuda:0'),181157.0
tensor([2584], device='cuda:0'),87908.4765625
tensor([2585], device='cuda:0'),103311.6328125
tensor([2586], device='cuda:0'),116718.8203125
tensor([2587], device='cuda:0'),90993.515625
tensor([2588], device='cuda:0'),68286.9453125
tensor([2589], device='cuda:0'),84044.796875
tensor([2590], device='cuda:0'),96724.6171875
tensor([2591], device='cuda:0'),121645.2890625
tensor([2592], device='cuda:0'),95644.265625
tensor([2593], device='cuda:0'),164068.0625
tensor([2594], device='cuda:0'),104354.1328125
tensor([2595], device='cuda:0'),105280.3125
tensor([2596], device='cuda:0'),169680.140625
tensor([2597], device='cuda:0'),89235.5859375
tensor([2598], device='cuda:0'),188693.84375
tensor([2599], device='cuda:0'),224138.71875
tensor([2600], device='cuda:0'),18.15914535522461
tensor([2601], device='cuda:0'),60095.9140625
tensor([2602], device='cuda:0'),18.15914535522461
tensor([2603], device='cuda:0'),18.15914535522461
tensor([2604], device='cuda:0'),18.15914535522461
tensor([2605], device='cuda:0'),18.15914535522461
tensor([2606], device='cuda:0'),78929.8671875
tensor([2607], device='cuda:0'),129274.765625
tensor([2608], device='cuda:0'),111353.421875
tensor([2609], device='cuda:0'),88298.53125
tensor([2610], device='cuda:0'),18.15914535522461
tensor([2611], device='cuda:0'),50655.453125
tensor([2612], device='cuda:0'),77696.984375
tensor([2613], device='cuda:0'),60042.21484375
tensor([2614], device='cuda:0'),53342.609375
tensor([2615], device='cuda:0'),83843.2734375
tensor([2616], device='cuda:0'),77082.328125
tensor([2617], device='cuda:0'),96965.25
tensor([2618], device='cuda:0'),92530.4921875
tensor([2619], device='cuda:0'),108969.09375
tensor([2620], device='cuda:0'),114502.5234375
tensor([2621], device='cuda:0'),100609.984375
tensor([2622], device='cuda:0'),109343.171875
tensor([2623], device='cuda:0'),142979.0
tensor([2624], device='cuda:0'),206273.328125
tensor([2625], device='cuda:0'),195300.59375
tensor([2626], device='cuda:0'),88384.1640625
tensor([2627], device='cuda:0'),73719.703125
tensor([2628], device='cuda:0'),405572.0625
tensor([2629], device='cuda:0'),428104.65625
tensor([2630], device='cuda:0'),355261.75
tensor([2631], device='cuda:0'),338071.0
tensor([2632], device='cuda:0'),324494.75
tensor([2633], device='cuda:0'),224634.5
tensor([2634], device='cuda:0'),275554.65625
tensor([2635], device='cuda:0'),70721.015625
tensor([2636], device='cuda:0'),93796.0
tensor([2637], device='cuda:0'),93792.3046875
tensor([2638], device='cuda:0'),149898.546875
tensor([2639], device='cuda:0'),100655.4921875
tensor([2640], device='cuda:0'),79609.703125
tensor([2641], device='cuda:0'),43483.984375
tensor([2642], device='cuda:0'),88821.0703125
tensor([2643], device='cuda:0'),18.15914535522461
tensor([2644], device='cuda:0'),7493.48974609375
tensor([2645], device='cuda:0'),18.15914535522461
tensor([2646], device='cuda:0'),18.15914535522461
tensor([2647], device='cuda:0'),18.15914535522461
tensor([2648], device='cuda:0'),76141.0078125
tensor([2649], device='cuda:0'),77511.3984375
tensor([2650], device='cuda:0'),69380.1015625
tensor([2651], device='cuda:0'),75593.3828125
tensor([2652], device='cuda:0'),230914.53125
tensor([2653], device='cuda:0'),130297.890625
tensor([2654], device='cuda:0'),160771.890625
tensor([2655], device='cuda:0'),237930.5625
tensor([2656], device='cuda:0'),187422.84375
tensor([2657], device='cuda:0'),223277.75
tensor([2658], device='cuda:0'),195001.15625
tensor([2659], device='cuda:0'),225973.15625
tensor([2660], device='cuda:0'),251205.265625
tensor([2661], device='cuda:0'),232833.859375
tensor([2662], device='cuda:0'),215377.953125
tensor([2663], device='cuda:0'),181658.90625
tensor([2664], device='cuda:0'),179109.390625
tensor([2665], device='cuda:0'),231328.6875
tensor([2666], device='cuda:0'),202154.3125
tensor([2667], device='cuda:0'),84282.5546875
tensor([2668], device='cuda:0'),94057.40625
tensor([2669], device='cuda:0'),84953.8125
tensor([2670], device='cuda:0'),152527.125
tensor([2671], device='cuda:0'),93967.015625
tensor([2672], device='cuda:0'),119214.0859375
tensor([2673], device='cuda:0'),107140.390625
tensor([2674], device='cuda:0'),115518.8984375
tensor([2675], device='cuda:0'),105073.875
tensor([2676], device='cuda:0'),92049.5625
tensor([2677], device='cuda:0'),98326.1484375
tensor([2678], device='cuda:0'),133033.09375
tensor([2679], device='cuda:0'),190873.71875
tensor([2680], device='cuda:0'),190811.578125
tensor([2681], device='cuda:0'),250940.34375
tensor([2682], device='cuda:0'),190867.6875
tensor([2683], device='cuda:0'),334170.21875
tensor([2684], device='cuda:0'),225682.234375
tensor([2685], device='cuda:0'),210180.5
tensor([2686], device='cuda:0'),160047.171875
tensor([2687], device='cuda:0'),195447.453125
tensor([2688], device='cuda:0'),106228.7109375
tensor([2689], device='cuda:0'),110282.40625
tensor([2690], device='cuda:0'),218642.796875
tensor([2691], device='cuda:0'),124689.7109375
tensor([2692], device='cuda:0'),57526.94140625
tensor([2693], device='cuda:0'),112500.9375
tensor([2694], device='cuda:0'),40684.21484375
tensor([2695], device='cuda:0'),119044.1640625
tensor([2696], device='cuda:0'),110158.6640625
tensor([2697], device='cuda:0'),104737.8203125
tensor([2698], device='cuda:0'),127542.75
tensor([2699], device='cuda:0'),91581.03125
tensor([2700], device='cuda:0'),75398.578125
tensor([2701], device='cuda:0'),74981.0859375
tensor([2702], device='cuda:0'),51777.93359375
tensor([2703], device='cuda:0'),42671.875
tensor([2704], device='cuda:0'),65483.15234375
tensor([2705], device='cuda:0'),24292.779296875
tensor([2706], device='cuda:0'),56312.35546875
tensor([2707], device='cuda:0'),45598.40234375
tensor([2708], device='cuda:0'),54495.73828125
tensor([2709], device='cuda:0'),18.15914535522461
tensor([2710], device='cuda:0'),44537.41796875
tensor([2711], device='cuda:0'),131845.140625
tensor([2712], device='cuda:0'),324195.40625
tensor([2713], device='cuda:0'),97058.4609375
tensor([2714], device='cuda:0'),82010.421875
tensor([2715], device='cuda:0'),91264.65625
tensor([2716], device='cuda:0'),82346.34375
tensor([2717], device='cuda:0'),132958.546875
tensor([2718], device='cuda:0'),119290.2265625
tensor([2719], device='cuda:0'),58491.32421875
tensor([2720], device='cuda:0'),93274.4140625
tensor([2721], device='cuda:0'),59607.03515625
tensor([2722], device='cuda:0'),93077.3984375
tensor([2723], device='cuda:0'),78358.40625
tensor([2724], device='cuda:0'),60904.7421875
tensor([2725], device='cuda:0'),64925.91796875
tensor([2726], device='cuda:0'),68194.9375
tensor([2727], device='cuda:0'),87744.3984375
tensor([2728], device='cuda:0'),103936.8984375
tensor([2729], device='cuda:0'),74742.9296875
tensor([2730], device='cuda:0'),72810.6171875
tensor([2731], device='cuda:0'),63835.8984375
tensor([2732], device='cuda:0'),68016.1484375
tensor([2733], device='cuda:0'),72241.8984375
tensor([2734], device='cuda:0'),66284.828125
tensor([2735], device='cuda:0'),87129.171875
tensor([2736], device='cuda:0'),66879.4765625
tensor([2737], device='cuda:0'),43827.88671875
tensor([2738], device='cuda:0'),65288.34375
tensor([2739], device='cuda:0'),80499.296875
tensor([2740], device='cuda:0'),74354.4453125
tensor([2741], device='cuda:0'),67465.6015625
tensor([2742], device='cuda:0'),92535.6484375
tensor([2743], device='cuda:0'),82731.671875
tensor([2744], device='cuda:0'),89851.4765625
tensor([2745], device='cuda:0'),60333.42578125
tensor([2746], device='cuda:0'),69764.640625
tensor([2747], device='cuda:0'),99498.046875
tensor([2748], device='cuda:0'),56217.48046875
tensor([2749], device='cuda:0'),59022.80859375
tensor([2750], device='cuda:0'),47110.359375
tensor([2751], device='cuda:0'),76963.265625
tensor([2752], device='cuda:0'),89306.2265625
tensor([2753], device='cuda:0'),78225.765625
tensor([2754], device='cuda:0'),122796.0625
tensor([2755], device='cuda:0'),60051.68359375
tensor([2756], device='cuda:0'),18.15914535522461
tensor([2757], device='cuda:0'),18.15914535522461
tensor([2758], device='cuda:0'),4637.28076171875
tensor([2759], device='cuda:0'),93102.7578125
tensor([2760], device='cuda:0'),32090.826171875
tensor([2761], device='cuda:0'),66790.7734375
tensor([2762], device='cuda:0'),56788.7734375
tensor([2763], device='cuda:0'),85292.6328125
tensor([2764], device='cuda:0'),75912.0
tensor([2765], device='cuda:0'),196593.0625
tensor([2766], device='cuda:0'),49987.12109375
tensor([2767], device='cuda:0'),18.15914535522461
tensor([2768], device='cuda:0'),18.15914535522461
tensor([2769], device='cuda:0'),69366.5859375
tensor([2770], device='cuda:0'),58809.65625
tensor([2771], device='cuda:0'),37317.88671875
tensor([2772], device='cuda:0'),18.15914535522461
tensor([2773], device='cuda:0'),102968.03125
tensor([2774], device='cuda:0'),55683.203125
tensor([2775], device='cuda:0'),23698.69921875
tensor([2776], device='cuda:0'),75513.09375
tensor([2777], device='cuda:0'),80415.5234375
tensor([2778], device='cuda:0'),16085.9599609375
tensor([2779], device='cuda:0'),18.15914535522461
tensor([2780], device='cuda:0'),18.15914535522461
tensor([2781], device='cuda:0'),18.15914535522461
tensor([2782], device='cuda:0'),18.15914535522461
tensor([2783], device='cuda:0'),18.15914535522461
tensor([2784], device='cuda:0'),24212.9609375
tensor([2785], device='cuda:0'),57912.13671875
tensor([2786], device='cuda:0'),18.15914535522461
tensor([2787], device='cuda:0'),18.15914535522461
tensor([2788], device='cuda:0'),18.15914535522461
tensor([2789], device='cuda:0'),34417.60546875
tensor([2790], device='cuda:0'),18.15914535522461
tensor([2791], device='cuda:0'),669.7135009765625
tensor([2792], device='cuda:0'),18.15914535522461
tensor([2793], device='cuda:0'),38521.265625
tensor([2794], device='cuda:0'),18.15914535522461
tensor([2795], device='cuda:0'),28993.439453125
tensor([2796], device='cuda:0'),18.15914535522461
tensor([2797], device='cuda:0'),83005.484375
tensor([2798], device='cuda:0'),18.15914535522461
tensor([2799], device='cuda:0'),18.15914535522461
tensor([2800], device='cuda:0'),18.15914535522461
tensor([2801], device='cuda:0'),18.15914535522461
tensor([2802], device='cuda:0'),83816.1171875
tensor([2803], device='cuda:0'),59548.01953125
tensor([2804], device='cuda:0'),15413.46875
tensor([2805], device='cuda:0'),18.15914535522461
tensor([2806], device='cuda:0'),18.15914535522461
tensor([2807], device='cuda:0'),86826.515625
tensor([2808], device='cuda:0'),79190.28125
tensor([2809], device='cuda:0'),66410.2890625
tensor([2810], device='cuda:0'),59599.64453125
tensor([2811], device='cuda:0'),80122.890625
tensor([2812], device='cuda:0'),109270.890625
tensor([2813], device='cuda:0'),75852.09375
tensor([2814], device='cuda:0'),69580.03125
tensor([2815], device='cuda:0'),18.15914535522461
tensor([2816], device='cuda:0'),104630.90625
tensor([2817], device='cuda:0'),79583.28125
tensor([2818], device='cuda:0'),63250.890625
tensor([2819], device='cuda:0'),60413.36328125
tensor([2820], device='cuda:0'),66612.96875
tensor([2821], device='cuda:0'),14091.9375
tensor([2822], device='cuda:0'),83854.671875
tensor([2823], device='cuda:0'),194054.171875
tensor([2824], device='cuda:0'),93354.4375
tensor([2825], device='cuda:0'),69299.375
tensor([2826], device='cuda:0'),56949.3203125
tensor([2827], device='cuda:0'),31689.076171875
tensor([2828], device='cuda:0'),114384.9296875
tensor([2829], device='cuda:0'),121430.375
tensor([2830], device='cuda:0'),117019.2734375
tensor([2831], device='cuda:0'),99634.9765625
tensor([2832], device='cuda:0'),127287.359375
tensor([2833], device='cuda:0'),201062.109375
tensor([2834], device='cuda:0'),125782.5625
tensor([2835], device='cuda:0'),128014.4296875
tensor([2836], device='cuda:0'),111841.6796875
tensor([2837], device='cuda:0'),78666.765625
tensor([2838], device='cuda:0'),64300.19140625
tensor([2839], device='cuda:0'),101483.5859375
tensor([2840], device='cuda:0'),125187.8984375
tensor([2841], device='cuda:0'),110018.328125
tensor([2842], device='cuda:0'),125223.09375
tensor([2843], device='cuda:0'),78673.6875
tensor([2844], device='cuda:0'),98603.2734375
tensor([2845], device='cuda:0'),55017.2734375
tensor([2846], device='cuda:0'),123073.7890625
tensor([2847], device='cuda:0'),139940.96875
tensor([2848], device='cuda:0'),112108.5859375
tensor([2849], device='cuda:0'),105996.453125
tensor([2850], device='cuda:0'),165305.9375
tensor([2851], device='cuda:0'),114772.375
tensor([2852], device='cuda:0'),145268.171875
tensor([2853], device='cuda:0'),153401.015625
tensor([2854], device='cuda:0'),70248.7890625
tensor([2855], device='cuda:0'),115726.1875
tensor([2856], device='cuda:0'),110667.3046875
tensor([2857], device='cuda:0'),113469.7890625
tensor([2858], device='cuda:0'),96465.4921875
tensor([2859], device='cuda:0'),41321.9921875
tensor([2860], device='cuda:0'),18.15914535522461
tensor([2861], device='cuda:0'),17343.099609375
tensor([2862], device='cuda:0'),101226.0390625
tensor([2863], device='cuda:0'),29178.814453125
tensor([2864], device='cuda:0'),146076.484375
tensor([2865], device='cuda:0'),58323.33203125
tensor([2866], device='cuda:0'),71207.078125
tensor([2867], device='cuda:0'),785.2776489257812
tensor([2868], device='cuda:0'),18.15914535522461
tensor([2869], device='cuda:0'),18.15914535522461
tensor([2870], device='cuda:0'),35737.1640625
tensor([2871], device='cuda:0'),18.15914535522461
tensor([2872], device='cuda:0'),18.15914535522461
tensor([2873], device='cuda:0'),18.15914535522461
tensor([2874], device='cuda:0'),18.15914535522461
tensor([2875], device='cuda:0'),18.15914535522461
tensor([2876], device='cuda:0'),73370.5625
tensor([2877], device='cuda:0'),73138.2265625
tensor([2878], device='cuda:0'),67220.5078125
tensor([2879], device='cuda:0'),72920.828125
tensor([2880], device='cuda:0'),18.15914535522461
tensor([2881], device='cuda:0'),40126.55859375
tensor([2882], device='cuda:0'),110557.984375
tensor([2883], device='cuda:0'),122691.1640625
tensor([2884], device='cuda:0'),140212.875
tensor([2885], device='cuda:0'),101746.984375
tensor([2886], device='cuda:0'),153498.515625
tensor([2887], device='cuda:0'),18.15914535522461
tensor([2888], device='cuda:0'),56552.7578125
tensor([2889], device='cuda:0'),18.15914535522461
tensor([2890], device='cuda:0'),18.15914535522461
tensor([2891], device='cuda:0'),57997.93359375
tensor([2892], device='cuda:0'),18.15914535522461
tensor([2893], device='cuda:0'),18.15914535522461
tensor([2894], device='cuda:0'),18.15914535522461
tensor([2895], device='cuda:0'),232164.71875
tensor([2896], device='cuda:0'),177176.0
tensor([2897], device='cuda:0'),107180.71875
tensor([2898], device='cuda:0'),71767.7421875
tensor([2899], device='cuda:0'),110804.0703125
tensor([2900], device='cuda:0'),83343.0078125
tensor([2901], device='cuda:0'),95022.390625
tensor([2902], device='cuda:0'),106635.9140625
tensor([2903], device='cuda:0'),178747.734375
tensor([2904], device='cuda:0'),207814.0625
tensor([2905], device='cuda:0'),18.15914535522461
tensor([2906], device='cuda:0'),121667.2109375
tensor([2907], device='cuda:0'),12131.0791015625
tensor([2908], device='cuda:0'),62022.28515625
tensor([2909], device='cuda:0'),82585.9453125
tensor([2910], device='cuda:0'),18.15914535522461
tensor([2911], device='cuda:0'),18.15914535522461
tensor([2912], device='cuda:0'),90569.5859375
tensor([2913], device='cuda:0'),18.15914535522461
tensor([2914], device='cuda:0'),18.15914535522461
tensor([2915], device='cuda:0'),18.15914535522461
tensor([2916], device='cuda:0'),18.15914535522461
tensor([2917], device='cuda:0'),99865.4921875
tensor([2918], device='cuda:0'),18.15914535522461
tensor([2919], device='cuda:0'),116525.1875
